order,family,0 km (inside),0-1 km,1-5 km,5-10 km,10-25 km,25-50 km,50+ km,Total
(order not recorded),(family not recorded),1,2,0,0,1,8,5,17
(order not recorded),Oribatidae,0,0,0,0,0,0,1,1
(order not recorded),Scutigerellidae,0,0,0,0,0,0,1,1
Amblypygi,Phrynidae,0,0,0,0,0,0,1,1
Amphipoda,(family not recorded),0,1,0,0,0,0,0,1
Amphipoda,Ampeliscidae,0,0,0,0,0,0,3,3
Amphipoda,Ampithoidae,1,0,0,0,0,1,5,7
Amphipoda,Anisogammaridae,0,0,0,0,0,0,1,1
Amphipoda,Aoridae,0,0,0,0,0,2,2,4
Amphipoda,Arcitalitridae,1,0,0,0,0,0,0,1
Amphipoda,Atylidae,0,1,0,0,0,0,0,1
Amphipoda,Bateidae,0,0,0,0,0,0,1,1
Amphipoda,Calliopiidae,0,0,0,0,0,0,1,1
Amphipoda,Caprellidae,1,2,0,0,0,1,6,10
Amphipoda,Cheluridae,0,0,0,0,0,0,1,1
Amphipoda,Corophiidae,0,0,0,0,0,1,4,5
Amphipoda,Cyamidae,0,0,0,0,0,0,3,3
Amphipoda,Dexaminidae,0,1,0,0,0,0,1,2
Amphipoda,Eulimnogammaridae,0,0,0,0,0,1,0,1
Amphipoda,Eusiridae,0,0,0,0,0,1,0,1
Amphipoda,Gammaridae,0,1,0,0,0,0,0,1
Amphipoda,Haustoriidae,0,1,0,0,0,1,0,2
Amphipoda,Hyalellidae,1,0,0,0,0,0,3,4
Amphipoda,Hyalidae,0,0,0,0,0,1,3,4
Amphipoda,Ischyroceridae,0,0,0,0,0,2,6,8
Amphipoda,Kamakidae,0,0,0,0,0,0,1,1
Amphipoda,Leucothoidae,0,0,0,0,0,0,1,1
Amphipoda,Liljeborgiidae,0,1,0,0,0,0,0,1
Amphipoda,Maeridae,0,1,0,0,0,1,1,3
Amphipoda,Megaluropidae,0,0,0,0,0,0,1,1
Amphipoda,Melitidae,0,0,0,0,0,0,3,3
Amphipoda,Oedicerotidae,0,0,0,0,0,1,2,3
Amphipoda,Photidae,0,0,0,0,0,1,2,3
Amphipoda,Phoxocephalidae,0,0,0,0,0,1,0,1
Amphipoda,Phronimidae,0,0,0,0,0,0,1,1
Amphipoda,Pleustidae,0,0,0,0,0,0,1,1
Amphipoda,Podoceridae,0,0,0,0,0,0,3,3
Amphipoda,Stenothoidae,0,0,0,0,0,0,1,1
Amphipoda,Synopiidae,0,1,0,0,0,0,0,1
Amphipoda,Talitridae,1,1,0,0,1,6,3,12
Anostraca,(family not recorded),0,0,0,0,0,0,1,1
Anostraca,Artemiidae,0,0,0,0,0,0,2,2
Anostraca,Branchinectidae,0,0,0,0,1,0,4,5
Anostraca,Chirocephalidae,0,0,0,0,0,0,1,1
Anostraca,Thamnocephalidae,0,0,0,0,0,0,1,1
Apygophora,Trypetesidae,0,0,0,0,0,0,1,1
Araneae,(family not recorded),0,0,0,0,0,1,2,3
Araneae,Agelenidae,0,0,0,0,2,3,6,11
Araneae,Amaurobiidae,0,0,0,0,0,0,6,6
Araneae,Anapidae,0,0,0,0,0,0,2,2
Araneae,Antrodiaetidae,0,0,0,0,0,0,4,4
Araneae,Anyphaenidae,0,0,0,0,1,2,5,8
Araneae,Araneidae,1,0,2,0,6,13,31,53
Araneae,Archoleptonetidae,0,0,0,0,0,0,2,2
Araneae,Caponiidae,0,0,0,0,0,0,2,2
Araneae,Cheiracanthiidae,0,0,0,0,0,2,3,5
Araneae,Clubionidae,0,0,0,0,0,1,1,2
Araneae,Corinnidae,0,0,0,0,0,2,5,7
Araneae,Cybaeidae,0,0,0,0,0,0,9,9
Araneae,Desidae,0,0,0,2,0,0,0,2
Araneae,Dictynidae,0,0,0,0,1,2,14,17
Araneae,Diguetidae,0,0,0,0,0,0,3,3
Araneae,Dysderidae,0,1,0,0,0,0,2,3
Araneae,Euctenizidae,0,0,0,0,0,1,2,3
Araneae,Filistatidae,0,0,0,0,0,0,5,5
Araneae,Gnaphosidae,0,0,1,0,0,9,39,49
Araneae,Hahniidae,0,0,0,0,0,0,1,1
Araneae,Halonoproctidae,0,0,0,0,1,0,2,3
Araneae,Hexurellidae,0,0,0,0,0,0,1,1
Araneae,Homalonychidae,0,0,0,0,0,0,3,3
Araneae,Linyphiidae,0,0,0,0,0,7,20,27
Araneae,Liocranidae,0,0,0,0,0,1,5,6
Araneae,Lycosidae,2,0,0,0,1,6,19,28
Araneae,Megahexuridae,0,0,0,0,0,0,1,1
Araneae,Mimetidae,0,0,0,0,0,0,5,5
Araneae,Miturgidae,0,0,0,0,0,0,3,3
Araneae,Mysmenidae,0,0,0,0,0,0,1,1
Araneae,Nesticidae,0,0,0,0,0,0,1,1
Araneae,Oecobiidae,0,0,0,0,0,1,5,6
Araneae,Oonopidae,0,0,0,0,0,0,4,4
Araneae,Oxyopidae,1,0,0,1,0,6,4,12
Araneae,Philodromidae,0,0,0,0,0,4,16,20
Araneae,Pholcidae,0,0,0,1,1,1,8,11
Araneae,Phrurolithidae,0,0,0,0,0,0,2,2
Araneae,Pisauridae,0,0,0,0,0,0,3,3
Araneae,Plectreuridae,0,0,0,0,0,1,6,7
Araneae,Prodidomidae,0,0,0,0,0,0,1,1
Araneae,Salticidae,0,1,1,5,8,21,61,97
Araneae,Scytodidae,0,0,0,0,0,0,4,4
Araneae,Segestriidae,0,0,0,0,0,0,1,1
Araneae,Selenopidae,0,0,0,0,0,0,1,1
Araneae,Sicariidae,0,0,0,0,0,0,3,3
Araneae,Sparassidae,0,0,0,0,0,0,4,4
Araneae,Tengellidae,0,0,0,0,0,0,1,1
Araneae,Tetragnathidae,2,0,0,0,0,3,6,11
Araneae,Theraphosidae,1,0,0,0,0,3,2,6
Araneae,Theridiidae,1,1,0,1,1,5,47,56
Araneae,Thomisidae,0,0,0,0,1,7,24,32
Araneae,Trachelidae,0,0,0,0,1,0,5,6
Araneae,Uloboridae,0,0,0,0,0,3,1,4
Araneae,Zoropsidae,0,0,0,0,0,1,3,4
Archaeognatha,(family not recorded),0,0,0,0,0,1,0,1
Archaeognatha,Machilidae,0,0,0,0,0,1,0,1
Archaeognatha,Meinertellidae,0,0,0,0,0,1,1,2
Arguloida,Argulidae,0,0,0,0,0,0,1,1
Blattodea,(family not recorded),1,0,0,0,1,1,3,6
Blattodea,Archotermopsidae,0,0,0,0,1,3,1,5
Blattodea,Blaberidae,0,0,0,0,0,0,4,4
Blattodea,Blattidae,0,0,0,1,1,2,1,5
Blattodea,Corydiidae,0,0,0,0,0,0,8,8
Blattodea,Ectobiidae,0,0,0,0,1,5,3,9
Blattodea,Kalotermitidae,0,0,0,0,0,2,0,2
Blattodea,Rhinotermitidae,0,0,0,0,0,2,3,5
Blattodea,Termitidae,0,0,0,0,0,1,2,3
Calanoida,(family not recorded),0,0,0,0,0,0,1,1
Calanoida,Acartiidae,0,0,0,0,0,0,1,1
Calanoida,Diaptomidae,0,0,0,0,0,0,2,2
Calanoida,Pseudodiaptomidae,0,0,0,0,0,0,1,1
Calanoida,Temoridae,0,0,0,0,0,0,1,1
Callipodida,(family not recorded),0,0,0,0,0,0,1,1
Chordeumatida,(family not recorded),0,0,0,0,0,0,1,1
Chordeumatida,Attemsiidae,0,0,0,0,0,1,0,1
Chordeumatida,Rhiscosomididae,0,0,0,0,0,0,1,1
Cnemidolestodea,Omaliidae,0,0,0,0,0,0,1,1
Coleoptera,(family not recorded),9,0,0,0,0,6,29,44
Coleoptera,Aderidae,0,0,0,0,0,0,2,2
Coleoptera,Agyrtidae,0,0,0,0,1,0,1,2
Coleoptera,Amphizoidae,0,0,0,0,0,0,1,1
Coleoptera,Anamorphidae,1,0,0,0,0,1,0,2
Coleoptera,Anobiidae,0,0,0,0,20,11,31,62
Coleoptera,Anthicidae,2,1,1,0,10,15,23,52
Coleoptera,Anthribidae,0,0,0,0,1,0,3,4
Coleoptera,Aphodiidae,0,0,0,0,1,0,0,1
Coleoptera,Apionidae,1,0,0,0,1,1,1,4
Coleoptera,Artematopodidae,0,0,0,0,0,0,1,1
Coleoptera,Attelabidae,0,0,0,0,4,1,9,14
Coleoptera,Bostrichidae,2,0,0,0,7,6,14,29
Coleoptera,Bothrideridae,0,0,0,0,0,0,1,1
Coleoptera,Brachyceridae,0,0,0,1,1,1,3,6
Coleoptera,Brachypsectridae,0,0,0,0,0,0,2,2
Coleoptera,Brentidae,0,0,0,0,0,0,3,3
Coleoptera,Bruchidae,0,0,0,0,0,0,1,1
Coleoptera,Buprestidae,2,1,0,0,12,26,128,169
Coleoptera,Byrrhidae,0,0,0,0,0,1,0,1
Coleoptera,Byturidae,0,0,0,0,1,0,2,3
Coleoptera,Cantharidae,3,1,2,0,9,0,8,23
Coleoptera,Carabidae,4,1,12,1,27,61,318,424
Coleoptera,Cerambycidae,2,0,0,1,25,31,160,219
Coleoptera,Cerophytidae,0,0,0,0,0,0,1,1
Coleoptera,Cerylonidae,0,0,0,0,1,0,0,1
Coleoptera,Chrysomelidae,12,2,9,2,30,29,129,213
Coleoptera,Chrysomelinae,0,0,0,0,1,0,0,1
Coleoptera,Ciidae,0,0,0,0,7,1,4,12
Coleoptera,Cimberididae,0,0,0,0,0,0,1,1
Coleoptera,Clambidae,0,0,0,0,2,0,1,3
Coleoptera,Cleridae,1,0,0,1,7,9,32,50
Coleoptera,Coccinellidae,16,5,1,2,24,22,92,162
Coleoptera,Colonidae,0,0,0,0,3,0,1,4
Coleoptera,Corylophidae,2,0,0,1,3,2,1,9
Coleoptera,Cryptophagidae,2,0,0,0,6,0,6,14
Coleoptera,Cucujidae,0,0,0,0,0,0,6,6
Coleoptera,Cupedidae,0,0,0,0,0,0,3,3
Coleoptera,Curculionidae,4,0,5,2,44,36,186,277
Coleoptera,Cybocephalidae,0,0,0,0,0,1,3,4
Coleoptera,Dascillidae,0,0,0,0,0,0,3,3
Coleoptera,Dasytidae,0,0,0,0,0,1,0,1
Coleoptera,Dermestidae,1,1,0,1,9,10,29,51
Coleoptera,Dryophthoridae,0,0,0,0,2,2,14,18
Coleoptera,Dryopidae,1,0,0,0,1,2,6,10
Coleoptera,Dynastidae,0,0,0,0,0,1,0,1
Coleoptera,Dytiscidae,16,0,6,4,10,7,46,89
Coleoptera,Elateridae,2,0,0,1,16,17,55,91
Coleoptera,Elmidae,0,0,0,0,2,0,23,25
Coleoptera,Endomychidae,1,0,0,0,2,0,3,6
Coleoptera,Erotylidae,1,0,0,0,4,1,1,7
Coleoptera,Eucinetidae,1,0,0,0,1,0,0,2
Coleoptera,Eucnemidae,0,0,0,0,1,0,5,6
Coleoptera,Georissidae,0,0,0,0,0,1,0,1
Coleoptera,Geotrupidae,0,0,0,0,0,1,4,5
Coleoptera,Glaphyridae,0,0,0,0,0,0,3,3
Coleoptera,Glaresidae,0,0,0,0,0,0,2,2
Coleoptera,Gyrinidae,2,0,0,0,0,1,2,5
Coleoptera,Haliplidae,1,0,0,0,0,2,2,5
Coleoptera,Helophoridae,0,0,0,1,0,0,1,2
Coleoptera,Helopii,0,0,0,0,0,0,1,1
Coleoptera,Heteroceridae,0,0,0,0,1,3,8,12
Coleoptera,Histeridae,0,2,0,0,11,14,46,73
Coleoptera,Hybosoridae,0,0,0,0,0,0,2,2
Coleoptera,Hydraenidae,0,0,0,3,3,9,16,31
Coleoptera,Hydrochidae,0,0,0,0,0,0,2,2
Coleoptera,Hydrophilidae,3,2,5,7,16,19,27,79
Coleoptera,Hydroscaphidae,0,0,0,0,0,1,0,1
Coleoptera,Kateretidae,0,0,0,0,1,3,3,7
Coleoptera,Laemophloeidae,0,0,0,0,1,4,6,11
Coleoptera,Lagriidae,0,0,0,0,0,0,1,1
Coleoptera,Lampyridae,0,0,0,0,7,4,2,13
Coleoptera,Latridiidae,6,0,1,0,18,4,14,43
Coleoptera,Leiodidae,0,0,0,0,14,8,16,38
Coleoptera,Limnichidae,0,0,0,0,0,2,4,6
Coleoptera,Lophocateridae,0,0,0,0,0,0,1,1
Coleoptera,Lucanidae,0,0,0,0,1,2,2,5
Coleoptera,Lycidae,0,0,0,0,0,1,3,4
Coleoptera,Lyctidae,0,0,0,0,0,0,1,1
Coleoptera,Malachiidae,1,0,1,0,0,0,2,4
Coleoptera,Mauroniscidae,0,0,0,0,0,0,3,3
Coleoptera,Megalopodidae,0,0,0,0,0,0,2,2
Coleoptera,Melandryidae,0,0,0,0,3,2,4,9
Coleoptera,Meloidae,0,1,1,0,4,5,44,55
Coleoptera,Melolonthidae,0,0,0,0,1,0,0,1
Coleoptera,Melyridae,4,3,1,1,7,9,15,40
Coleoptera,Monotomidae,0,0,0,0,4,4,11,19
Coleoptera,Mordellidae,3,0,0,0,3,2,8,16
Coleoptera,Mycetophagidae,0,0,0,0,3,1,8,12
Coleoptera,Mycteridae,0,0,0,0,1,1,3,5
Coleoptera,Nemonychidae,0,0,0,0,0,1,3,4
Coleoptera,Nitidulidae,1,0,0,0,19,4,19,43
Coleoptera,Noteridae,0,0,0,0,0,0,1,1
Coleoptera,Ochodaeidae,0,0,0,0,0,0,2,2
Coleoptera,Oedemeridae,1,1,0,0,1,2,13,18
Coleoptera,Omethidae,1,0,0,0,2,0,0,3
Coleoptera,Orsodacnidae,0,0,0,0,1,0,1,2
Coleoptera,Phalacridae,0,0,0,1,1,0,3,5
Coleoptera,Phengodidae,0,1,0,0,2,0,2,5
Coleoptera,Pleocomidae,0,0,0,0,0,1,2,3
Coleoptera,Prostomidae,0,0,0,0,0,0,1,1
Coleoptera,Psephenidae,1,0,0,0,0,1,3,5
Coleoptera,Ptiliidae,0,0,0,0,8,0,4,12
Coleoptera,Ptinidae,4,0,0,0,7,2,8,21
Coleoptera,Pyrochroidae,0,1,0,0,1,3,2,7
Coleoptera,Pythidae,0,0,0,0,0,0,1,1
Coleoptera,Raymondionymidae,0,0,0,0,0,0,1,1
Coleoptera,Rhadalidae,0,0,0,0,0,0,1,1
Coleoptera,Rhipiceridae,0,0,0,0,0,0,1,1
Coleoptera,Ripiphoridae,0,0,0,0,1,0,8,9
Coleoptera,Salpingidae,0,0,0,0,1,0,2,3
Coleoptera,Scarabaeidae,1,0,0,4,22,26,112,165
Coleoptera,Schizopodidae,0,0,0,0,0,0,6,6
Coleoptera,Scirtidae,1,0,0,0,3,0,4,8
Coleoptera,Scraptiidae,1,0,0,0,4,3,14,22
Coleoptera,Scydmaenidae,0,0,0,0,0,0,1,1
Coleoptera,Silphidae,0,0,0,0,0,1,0,1
Coleoptera,Silvanidae,0,0,0,0,1,2,4,7
Coleoptera,Sphaeriusidae,0,0,0,0,0,0,1,1
Coleoptera,Sphindidae,0,0,0,0,1,0,2,3
Coleoptera,Staphyliniae,0,0,0,0,0,1,0,1
Coleoptera,Staphylinidae,12,4,6,5,91,76,160,354
Coleoptera,Tenebrionidae,3,3,5,0,30,29,221,291
Coleoptera,Teredidae,0,0,0,0,0,0,1,1
Coleoptera,Tetratomidae,0,0,0,0,0,1,1,2
Coleoptera,Throscidae,0,0,0,0,1,1,3,5
Coleoptera,Trachypachidae,0,0,0,0,0,0,2,2
Coleoptera,Trogidae,0,0,0,0,1,0,2,3
Coleoptera,Trogossitidae,0,0,0,0,6,3,8,17
Coleoptera,Zopheridae,0,0,1,1,2,7,19,30
Cumacea,(family not recorded),0,0,0,0,0,1,0,1
Cumacea,Diastylidae,0,0,0,0,0,0,1,1
Cumacea,Leuconidae,0,0,0,0,0,0,1,1
Cumacea,Nannastacidae,0,0,0,0,0,0,2,2
Cyclopoida,(family not recorded),0,0,0,0,0,0,1,1
Cyclopoida,Chondracanthidae,0,0,0,0,0,0,1,1
Cyclopoida,Cyclopidae,0,0,0,0,0,1,3,4
Cyclopoida,Lichomolgidae,0,0,0,0,0,0,1,1
Cyclopoida,Oithonidae,0,0,0,0,0,0,2,2
Decapoda,(family not recorded),1,0,0,0,0,0,0,1
Decapoda,Albuneidae,0,0,0,0,0,1,0,1
Decapoda,Alpheidae,0,0,0,0,0,1,8,9
Decapoda,Astacidae,0,0,0,0,0,1,2,3
Decapoda,Blepharipodidae,0,1,0,0,0,0,0,1
Decapoda,Brachyura,0,0,0,0,0,0,1,1
Decapoda,Calappidae,0,0,0,0,0,0,3,3
Decapoda,Callianassidae,0,0,0,0,0,1,7,8
Decapoda,Cambaridae,0,0,1,0,0,0,3,4
Decapoda,Cancridae,2,3,0,1,1,4,7,18
Decapoda,Cheiragonidae,0,1,0,0,0,0,0,1
Decapoda,Coenobitidae,0,0,0,0,0,0,1,1
Decapoda,Crangonidae,0,2,0,0,0,0,7,9
Decapoda,Cyclodorippidae,0,0,0,0,0,0,2,2
Decapoda,Diogenidae,0,1,0,0,1,2,1,5
Decapoda,Epialtidae,2,5,0,0,1,6,3,17
Decapoda,Grapsidae,1,0,0,0,0,3,0,4
Decapoda,Hapalogastridae,0,2,0,0,1,1,0,4
Decapoda,Hippidae,1,0,0,0,0,1,0,2
Decapoda,Hippolytidae,0,0,0,0,1,0,2,3
Decapoda,Inachidae,0,1,0,0,0,0,3,4
Decapoda,Inachoididae,0,0,0,0,0,1,0,1
Decapoda,Leucosiidae,0,0,0,0,0,1,1,2
Decapoda,Lithodidae,2,0,0,0,0,0,2,4
Decapoda,Lysmatidae,1,0,0,0,0,0,0,1
Decapoda,Majidae,0,0,0,0,0,0,1,1
Decapoda,Munididae,0,1,0,0,0,1,1,3
Decapoda,Munidopsidae,0,0,0,0,0,0,1,1
Decapoda,Oregoniidae,0,1,0,0,0,0,0,1
Decapoda,Paguridae,0,8,0,0,1,1,2,12
Decapoda,Paguridea,0,0,0,0,0,0,1,1
Decapoda,Palaemonidae,0,0,0,0,0,0,5,5
Decapoda,Palinuridae,1,0,0,0,0,0,0,1
Decapoda,Pandalidae,0,1,0,0,0,2,2,5
Decapoda,Panopeidae,0,0,0,0,2,0,3,5
Decapoda,Parthenopidae,0,0,0,0,0,1,1,2
Decapoda,Penaeidae,0,0,0,0,0,0,2,2
Decapoda,Pinnotheridae,0,0,0,0,0,1,13,14
Decapoda,Porcellanidae,1,3,0,1,2,2,2,11
Decapoda,Portunidae,0,0,0,0,0,1,5,6
Decapoda,Pseudorhombilidae,0,0,0,0,0,0,1,1
Decapoda,Raninidae,0,0,0,0,0,0,1,1
Decapoda,Sicyoniidae,0,0,0,0,0,0,1,1
Decapoda,Thoridae,1,3,0,0,0,1,11,16
Decapoda,Upogebiidae,0,0,0,0,0,0,2,2
Decapoda,Varunidae,0,2,0,0,0,0,1,3
Decapoda,Xanthidae,0,1,0,1,0,2,1,5
Dermaptera,(family not recorded),0,0,0,0,0,1,0,1
Dermaptera,Anisolabididae,0,0,0,0,1,1,3,5
Dermaptera,Chelisochidae,0,0,0,0,0,0,1,1
Dermaptera,Forficulidae,2,0,0,0,1,3,1,7
Dermaptera,Labiduridae,0,0,0,0,0,0,2,2
Dermaptera,Spongiphoridae,0,0,0,0,0,1,1,2
Diplostraca,(family not recorded),0,0,0,0,0,0,1,1
Diplostraca,Bosminidae,0,0,0,0,0,0,1,1
Diplostraca,Chydoridae,0,0,0,0,0,0,5,5
Diplostraca,Cyzicidae,0,0,0,0,0,1,1,2
Diplostraca,Daphniidae,0,0,0,0,0,1,12,13
Diplostraca,Moinidae,0,0,0,0,0,0,1,1
Diplostraca,Sididae,0,0,0,0,0,0,1,1
Diplura,Campodeidae,0,0,0,0,0,0,1,1
Diplura,Japygidae,0,0,0,0,0,0,1,1
Diptera,(family not recorded),44,0,0,0,0,29,232,305
Diptera,Acroceridae,0,0,0,0,1,5,1,7
Diptera,Agromyzidae,17,0,0,0,0,17,96,130
Diptera,Anisopodidae,1,0,0,0,0,0,0,1
Diptera,Anthomyiidae,13,1,0,0,0,10,39,63
Diptera,Anthomyzidae,0,0,0,0,0,0,1,1
Diptera,Apioceridae,0,0,0,0,0,0,10,10
Diptera,Apsilocephalidae,0,0,0,0,0,0,3,3
Diptera,Apystomyiidae,0,0,0,0,0,0,3,3
Diptera,Asilidae,6,2,0,0,3,8,97,116
Diptera,Asteiidae,0,0,0,0,0,0,4,4
Diptera,Atelestidae,1,0,0,0,0,0,2,3
Diptera,Aulacigastridae,0,0,0,0,0,1,2,3
Diptera,Bibionidae,1,1,0,0,1,4,9,16
Diptera,Blephariceridae,0,0,0,0,0,0,5,5
Diptera,Bombyliidae,4,1,0,0,3,14,123,145
Diptera,Brachystomatidae,0,0,0,0,0,0,2,2
Diptera,Calliphoridae,4,1,0,1,0,8,15,29
Diptera,Camillidae,0,0,0,0,0,0,1,1
Diptera,Canacidae,1,0,0,0,0,1,10,12
Diptera,Canthyloscelididae,0,0,0,0,0,0,1,1
Diptera,Carnidae,2,0,0,0,0,0,7,9
Diptera,Cecidomyiidae,54,2,0,0,2,42,217,317
Diptera,Ceratopogonidae,20,0,0,0,0,11,67,98
Diptera,Chamaemyiidae,2,0,0,0,0,2,13,17
Diptera,Chaoboridae,0,0,0,0,0,0,2,2
Diptera,Chironomidae,22,0,0,0,0,42,205,269
Diptera,Chloropidae,9,0,0,0,2,11,48,70
Diptera,Chyromyidae,0,0,0,0,0,1,6,7
Diptera,Coelopidae,0,0,0,0,0,2,0,2
Diptera,Conopidae,2,0,1,0,2,1,13,19
Diptera,Cryptochetidae,0,0,0,0,0,0,1,1
Diptera,Culicidae,0,0,0,0,0,8,32,40
Diptera,Diastatidae,0,0,0,0,0,0,2,2
Diptera,Dixidae,3,0,0,0,0,0,2,5
Diptera,Dolichopodidae,8,0,0,0,2,4,50,64
Diptera,Drosophilidae,3,0,0,0,0,8,22,33
Diptera,Empididae,2,0,0,0,0,0,18,20
Diptera,Ephydridae,5,0,0,0,0,8,53,66
Diptera,Fanniidae,0,0,0,0,0,6,9,15
Diptera,Heleomyzidae,10,0,0,0,0,7,18,35
Diptera,Hilarimorphidae,0,0,0,0,0,1,0,1
Diptera,Hippoboscidae,1,0,0,0,2,0,5,8
Diptera,Hybotidae,3,0,0,0,0,3,26,32
Diptera,Iteaphilidae,0,0,0,0,0,0,1,1
Diptera,Keroplatidae,1,0,0,0,0,1,5,7
Diptera,Lauxaniidae,2,0,0,0,1,4,5,12
Diptera,Limoniidae,1,0,0,1,1,3,25,31
Diptera,Lonchaeidae,1,0,0,0,0,2,2,5
Diptera,Lonchopteridae,0,0,0,0,1,0,1,2
Diptera,Milichiidae,6,0,0,0,0,0,11,17
Diptera,Muscidae,13,0,0,0,2,19,44,78
Diptera,Mycetophilidae,7,0,0,0,0,14,61,82
Diptera,Mydidae,0,0,0,0,0,0,16,16
Diptera,Mythicomyiidae,2,0,0,0,0,1,21,24
Diptera,Neriidae,0,0,0,0,0,0,1,1
Diptera,Odiniidae,0,0,0,0,0,0,2,2
Diptera,Oestridae,0,0,0,0,0,1,9,10
Diptera,Opomyzidae,0,0,0,0,0,0,1,1
Diptera,Oreogetonidae,0,0,0,0,0,0,1,1
Diptera,Pallopteridae,0,0,0,0,0,0,1,1
Diptera,Paraleucopidae,0,0,0,0,0,0,1,1
Diptera,Pediciidae,0,0,0,0,0,0,5,5
Diptera,Periscelididae,0,0,0,0,0,1,0,1
Diptera,Phoridae,65,0,0,0,0,23,102,190
Diptera,Piophilidae,0,0,0,0,0,1,5,6
Diptera,Pipunculidae,9,0,0,0,0,3,30,42
Diptera,Platypezidae,0,0,0,0,0,0,9,9
Diptera,Platystomatidae,0,0,0,0,0,1,0,1
Diptera,Polleniidae,1,0,0,0,0,2,3,6
Diptera,Psilidae,0,0,0,0,0,1,2,3
Diptera,Psychodidae,12,0,0,1,0,9,14,36
Diptera,Pyrgotidae,0,0,0,0,0,0,1,1
Diptera,Ragadidae,0,0,0,0,0,0,1,1
Diptera,Rhagionidae,0,0,0,0,1,3,12,16
Diptera,Richardiidae,0,0,0,0,0,0,3,3
Diptera,Sarcophagidae,9,1,0,0,0,8,38,56
Diptera,Scathophagidae,0,0,0,0,0,2,2,4
Diptera,Scatopsidae,2,0,0,0,0,1,8,11
Diptera,Scenopinidae,0,0,0,0,0,0,17,17
Diptera,Sciaridae,27,0,0,0,0,8,52,87
Diptera,Sciomyzidae,1,1,0,0,0,0,7,9
Diptera,Sepsidae,4,0,0,0,0,5,3,12
Diptera,Simuliidae,7,0,0,0,0,1,16,24
Diptera,Sphaeroceridae,14,0,0,0,0,11,41,66
Diptera,Stratiomyidae,3,0,0,0,5,4,15,27
Diptera,Syrphidae,10,3,4,4,8,37,118,184
Diptera,Tabanidae,2,2,0,0,2,2,20,28
Diptera,Tachinidae,32,0,0,0,1,34,104,171
Diptera,Tephritidae,3,12,1,0,3,13,80,112
Diptera,Therevidae,3,0,0,0,0,4,19,26
Diptera,Tipulidae,3,0,0,1,2,7,37,50
Diptera,Trichoceridae,0,0,0,0,0,1,4,5
Diptera,Ulidiidae,0,0,0,0,0,4,17,21
Diptera,Vermileonidae,0,0,0,0,0,0,4,4
Diptera,Xylomyidae,0,0,0,0,0,0,3,3
Diptera,Xylophagidae,0,0,0,0,0,0,5,5
Embioptera,(family not recorded),0,0,0,0,0,1,0,1
Embioptera,Oligotomidae,1,0,0,0,0,2,3,6
Entomobryomorpha,(family not recorded),1,0,0,0,0,0,2,3
Entomobryomorpha,Entomobryidae,2,0,0,0,0,5,17,24
Entomobryomorpha,Isotomidae,0,0,0,0,0,1,6,7
Entomobryomorpha,Tomoceridae,0,0,0,0,0,0,1,1
Ephemeroptera,(family not recorded),0,0,0,0,0,1,0,1
Ephemeroptera,Ameletidae,0,0,0,0,1,0,0,1
Ephemeroptera,Baetidae,9,0,0,0,0,2,10,21
Ephemeroptera,Caenidae,0,0,0,0,0,0,3,3
Ephemeroptera,Ephemerellidae,0,0,0,0,0,0,17,17
Ephemeroptera,Heptageniidae,1,0,0,0,1,0,13,15
Ephemeroptera,Leptohyphidae,1,0,0,0,0,0,3,4
Ephemeroptera,Leptophlebiidae,2,0,0,0,0,0,4,6
Euphausiacea,Euphausiidae,0,0,0,0,0,0,2,2
Geophilomorpha,(family not recorded),0,0,0,0,0,1,0,1
Geophilomorpha,Geophilidae,0,0,0,0,0,2,5,7
Geophilomorpha,Himantariidae,0,0,0,0,0,0,2,2
Geophilomorpha,Linotaeniidae,0,0,0,0,0,1,2,3
Harpacticoida,(family not recorded),0,0,0,0,0,0,1,1
Harpacticoida,Ameiridae,0,0,0,0,0,0,1,1
Harpacticoida,Harpacticidae,0,0,0,0,0,0,2,2
Harpacticoida,Miraciidae,0,0,0,0,0,0,1,1
Harpacticoida,Tisbidae,0,0,0,0,0,0,1,1
Hemiptera,(family not recorded),7,0,0,0,1,3,30,41
Hemiptera,Acanaloniidae,0,0,0,0,0,0,4,4
Hemiptera,Acanthosomatidae,0,0,0,0,0,1,1,2
Hemiptera,Achilidae,0,0,0,0,0,1,6,7
Hemiptera,Adelgidae,0,0,0,0,0,0,2,2
Hemiptera,Aleyrodidae,6,0,0,0,3,5,27,41
Hemiptera,Alydidae,1,0,0,0,0,0,3,4
Hemiptera,Anthocoridae,2,0,0,1,0,1,10,14
Hemiptera,Aphalaridae,0,0,0,0,0,5,17,22
Hemiptera,Aphididae,36,1,1,7,6,25,214,290
Hemiptera,Aphrophoridae,0,0,0,0,0,2,4,6
Hemiptera,Aradidae,0,0,0,0,0,3,7,10
Hemiptera,Artheneidae,0,0,0,0,0,0,1,1
Hemiptera,Asterolecaniidae,0,0,0,0,0,1,0,1
Hemiptera,Belostomatidae,2,0,0,0,1,1,3,7
Hemiptera,Berytidae,0,0,0,0,0,2,9,11
Hemiptera,Caliscelidae,0,0,0,0,0,0,3,3
Hemiptera,Calophyidae,1,0,1,0,1,1,2,6
Hemiptera,Cercopida,0,0,0,0,0,1,0,1
Hemiptera,Cercopidae,0,0,0,0,0,1,0,1
Hemiptera,Cerococcidae,0,0,0,0,0,0,1,1
Hemiptera,Cicadellidae,29,0,0,2,3,30,214,278
Hemiptera,Cicadidae,1,1,0,0,4,3,34,43
Hemiptera,Cimicidae,0,0,0,0,0,2,5,7
Hemiptera,Cixiidae,2,0,0,0,0,1,6,9
Hemiptera,Clastopteridae,1,0,0,0,0,2,6,9
Hemiptera,Coccidae,0,0,0,0,1,5,9,15
Hemiptera,Coreidae,0,1,0,0,0,4,15,20
Hemiptera,Corixidae,5,0,0,2,1,0,12,20
Hemiptera,Cydnidae,0,0,0,0,0,1,2,3
Hemiptera,Cymidae,0,0,0,0,0,0,1,1
Hemiptera,Dactylopiidae,0,0,0,0,0,0,2,2
Hemiptera,Delphacidae,3,1,0,0,0,2,9,15
Hemiptera,Deltocephalidae,0,0,0,0,0,0,1,1
Hemiptera,Derbidae,0,0,0,0,0,0,2,2
Hemiptera,Diaspididae,0,0,0,0,0,1,17,18
Hemiptera,Dictyopharidae,1,0,0,0,0,0,4,5
Hemiptera,Enicocephalidae,1,0,0,0,0,0,2,3
Hemiptera,Eriococcidae,0,0,0,0,0,0,2,2
Hemiptera,Eriosomatidae,0,0,0,0,0,0,1,1
Hemiptera,Flatidae,0,0,0,0,1,1,2,4
Hemiptera,Fulgoridae,1,0,0,0,0,2,3,6
Hemiptera,Gelastocoridae,0,0,0,0,2,0,1,3
Hemiptera,Geocoridae,1,0,0,0,0,1,6,8
Hemiptera,Gerridae,0,0,0,0,2,0,4,6
Hemiptera,Hebridae,1,0,0,0,0,0,1,2
Hemiptera,Heterogastridae,0,0,0,0,0,0,2,2
Hemiptera,Hydrometridae,0,0,0,0,0,0,1,1
Hemiptera,Issidae,0,0,0,0,0,1,0,1
Hemiptera,Kermesidae,0,0,0,0,0,1,0,1
Hemiptera,Kerriidae,0,0,0,0,0,0,1,1
Hemiptera,Kinnaridae,0,0,0,0,0,0,1,1
Hemiptera,Largidae,0,1,0,0,1,2,1,5
Hemiptera,Lasiochilidae,0,0,0,0,0,1,0,1
Hemiptera,Leptopodidae,0,0,0,0,0,1,0,1
Hemiptera,Liviidae,0,0,0,0,0,3,4,7
Hemiptera,Lygaeidae,6,0,0,0,3,6,24,39
Hemiptera,Macroveliidae,0,0,0,0,0,0,1,1
Hemiptera,Margarodidae,0,0,0,0,1,0,4,5
Hemiptera,Meenoplidae,0,0,0,0,0,0,1,1
Hemiptera,Membracidae,2,0,0,0,4,7,24,37
Hemiptera,Mesoveliidae,0,0,0,0,0,0,2,2
Hemiptera,Miridae,13,0,0,3,5,29,231,281
Hemiptera,Nabidae,1,0,0,0,0,2,4,7
Hemiptera,Naucoridae,0,0,0,1,1,0,1,3
Hemiptera,Nepidae,0,0,0,0,0,1,2,3
Hemiptera,Notonectidae,6,0,0,2,0,1,4,13
Hemiptera,Ortheziidae,0,0,0,0,0,0,2,2
Hemiptera,Oxycarenidae,0,0,0,0,0,0,5,5
Hemiptera,Pachygronthidae,0,0,0,0,0,1,1,2
Hemiptera,Pentatomidae,2,0,0,1,1,21,45,70
Hemiptera,Phylloxeridae,0,0,0,0,0,0,5,5
Hemiptera,Phymatidae,0,0,0,0,0,1,0,1
Hemiptera,Piesmatidae,0,0,0,0,0,0,2,2
Hemiptera,Pseudococcidae,1,0,0,0,0,3,12,16
Hemiptera,Psyllidae,1,0,0,0,1,4,34,40
Hemiptera,Putoidae,0,0,0,0,0,1,0,1
Hemiptera,Pyrrhocoridae,1,0,0,0,0,1,0,2
Hemiptera,Reduviidae,2,1,0,1,7,6,27,44
Hemiptera,Rhopalidae,3,1,0,2,0,3,19,28
Hemiptera,Rhyparochromidae,3,0,0,0,1,2,26,32
Hemiptera,Saldidae,1,0,0,0,0,1,2,4
Hemiptera,Scutelleridae,0,0,0,0,0,2,9,11
Hemiptera,Thaumastocoridae,0,0,0,0,0,0,2,2
Hemiptera,Thyreocoridae,0,0,0,0,0,1,3,4
Hemiptera,Tibicinidae,0,0,0,0,0,0,1,1
Hemiptera,Tingidae,2,0,0,1,0,1,15,19
Hemiptera,Triozidae,2,1,0,1,0,6,18,28
Hemiptera,Tropiduchidae,1,0,0,0,0,2,7,10
Hemiptera,Veliidae,1,0,0,0,0,2,4,7
Hymenoptera,(family not recorded),51,0,0,0,1,16,264,332
Hymenoptera,Agaonidae,0,0,0,0,0,2,5,7
Hymenoptera,Ammoplanidae,0,0,0,0,0,0,1,1
Hymenoptera,Andrenidae,1,1,0,0,2,24,277,305
Hymenoptera,Aphelinidae,6,0,0,0,0,4,18,28
Hymenoptera,Apidae,7,7,7,6,9,56,262,354
Hymenoptera,Argidae,0,0,0,0,0,0,6,6
Hymenoptera,Astatidae,0,0,0,0,0,0,1,1
Hymenoptera,Aulacidae,1,0,0,0,0,0,1,2
Hymenoptera,Azotidae,0,0,0,0,0,0,1,1
Hymenoptera,Bembicidae,0,0,0,0,0,0,1,1
Hymenoptera,Bethylidae,18,0,0,0,0,1,23,42
Hymenoptera,Braconidae,62,1,0,0,0,42,196,301
Hymenoptera,Bradynobaenidae,0,1,0,0,0,0,0,1
Hymenoptera,Cephidae,0,0,0,0,1,0,2,3
Hymenoptera,Ceraphronidae,5,0,0,0,0,4,11,20
Hymenoptera,Chalcididae,2,0,0,0,0,2,17,21
Hymenoptera,Charipidae,0,0,0,0,0,1,0,1
Hymenoptera,Chrysididae,2,0,0,0,0,6,48,56
Hymenoptera,Chyphotidae,1,0,0,0,0,0,1,2
Hymenoptera,Cimbicidae,0,0,0,0,0,1,2,3
Hymenoptera,Cleonyminae,1,0,0,0,0,0,1,2
Hymenoptera,Colletidae,3,0,0,0,0,14,52,69
Hymenoptera,Crabronidae,11,0,1,1,4,33,313,363
Hymenoptera,Cynipidae,5,0,0,0,9,13,40,67
Hymenoptera,Diapriidae,10,0,0,0,0,2,24,36
Hymenoptera,Diprionidae,0,0,0,0,0,1,1,2
Hymenoptera,Dryinidae,3,0,0,0,0,3,5,11
Hymenoptera,Embolemidae,1,0,0,0,0,0,0,1
Hymenoptera,Encyrtidae,7,0,0,0,1,16,43,67
Hymenoptera,Eucharitidae,0,0,0,0,0,0,3,3
Hymenoptera,Eucoilidae,0,0,0,0,0,0,1,1
Hymenoptera,Eulophidae,15,0,0,0,0,17,66,98
Hymenoptera,Eumenidae,1,0,1,0,1,9,25,37
Hymenoptera,Eupelmidae,6,0,0,0,0,3,11,20
Hymenoptera,Eurytomidae,3,0,0,0,2,5,17,27
Hymenoptera,Evaniidae,0,0,0,0,0,0,2,2
Hymenoptera,Figitidae,8,0,0,0,0,5,30,43
Hymenoptera,Formicidae,13,20,1,3,16,43,236,332
Hymenoptera,Gasteruptiidae,1,0,0,0,0,2,3,6
Hymenoptera,Halictidae,9,3,4,3,4,31,145,199
Hymenoptera,Heloridae,0,0,0,0,0,0,2,2
Hymenoptera,Ibaliidae,0,0,0,0,0,0,1,1
Hymenoptera,Ichneumonidae,63,0,0,1,1,48,208,321
Hymenoptera,Ismaridae,0,0,0,0,0,0,1,1
Hymenoptera,Leucospidae,0,0,0,0,0,1,1,2
Hymenoptera,Masaridae,0,0,0,0,0,1,9,10
Hymenoptera,Megachilidae,1,4,1,4,16,55,332,413
Hymenoptera,Megaspilidae,5,0,0,0,0,3,10,18
Hymenoptera,Megastigmidae,0,0,0,0,0,0,1,1
Hymenoptera,Melittidae,0,0,0,0,0,0,15,15
Hymenoptera,Mutillidae,1,1,0,1,2,5,32,42
Hymenoptera,Mymaridae,18,0,0,0,0,8,38,64
Hymenoptera,Myrmosidae,1,0,0,0,0,0,2,3
Hymenoptera,Nyssonidae,0,0,0,1,0,0,0,1
Hymenoptera,Ormyridae,0,0,0,0,0,0,5,5
Hymenoptera,Orussidae,0,0,0,0,0,0,1,1
Hymenoptera,Orussusidae,0,0,0,0,0,0,3,3
Hymenoptera,Pamphiliidae,0,0,0,0,0,0,3,3
Hymenoptera,Pemphredonidae,1,0,0,0,0,2,1,4
Hymenoptera,Perilampidae,1,0,0,0,0,2,3,6
Hymenoptera,Philanthidae,0,0,0,0,0,0,1,1
Hymenoptera,Pirenidae,1,0,0,0,0,0,0,1
Hymenoptera,Platygastridae,11,0,0,0,0,3,29,43
Hymenoptera,Pompilidae,17,1,0,1,2,27,59,107
Hymenoptera,Proctotrupidae,1,0,0,0,0,1,0,2
Hymenoptera,Psenidae,0,0,0,0,0,1,0,1
Hymenoptera,Pteromalidae,19,0,0,0,0,10,78,107
Hymenoptera,Sapygidae,0,0,0,0,0,0,7,7
Hymenoptera,Scelionidae,40,0,0,0,0,12,121,173
Hymenoptera,Sclerogibbidae,0,0,0,0,0,0,1,1
Hymenoptera,Scoliidae,0,0,0,0,1,0,5,6
Hymenoptera,Sierolomorphidae,0,0,0,0,0,0,1,1
Hymenoptera,Signiphoridae,0,0,0,0,0,1,2,3
Hymenoptera,Siricidae,0,0,0,0,0,2,8,10
Hymenoptera,Spalangiidae,0,0,0,0,0,1,0,1
Hymenoptera,Sparasionidae,0,0,0,0,0,0,1,1
Hymenoptera,Sphecidae,0,1,1,3,1,7,76,89
Hymenoptera,Stephanidae,0,0,0,0,0,0,2,2
Hymenoptera,Systasidae,0,0,0,0,0,0,1,1
Hymenoptera,Tanaostigmatidae,0,0,0,0,0,0,3,3
Hymenoptera,Tenthredinidae,0,0,0,1,0,6,35,42
Hymenoptera,Tiphiidae,1,0,0,0,0,1,11,13
Hymenoptera,Torymidae,2,0,0,0,0,3,16,21
Hymenoptera,Trichogrammatidae,3,0,0,0,0,3,22,28
Hymenoptera,Vespidae,3,0,1,3,2,7,30,46
Hymenoptera,Xyelidae,0,0,0,0,0,0,7,7
Isopoda,(family not recorded),0,0,0,0,0,1,0,1
Isopoda,Alloniscidae,0,1,0,0,0,0,1,2
Isopoda,Anthuridae,0,0,0,0,0,0,1,1
Isopoda,Armadillidae,0,0,0,0,0,0,1,1
Isopoda,Armadillidiidae,1,0,0,0,1,2,1,5
Isopoda,Asellidae,0,0,0,0,0,0,1,1
Isopoda,Bopyridae,0,0,0,0,0,0,1,1
Isopoda,Cirolanidae,2,2,0,0,0,3,1,8
Isopoda,Corallanidae,0,0,0,0,0,1,0,1
Isopoda,Cylisticidae,0,0,0,0,0,0,1,1
Isopoda,Cymothoidae,0,0,0,0,1,1,2,4
Isopoda,Detonidae,0,0,0,0,0,1,2,3
Isopoda,Halophilosciidae,0,0,0,0,0,1,0,1
Isopoda,Holognathidae,0,1,0,0,0,0,0,1
Isopoda,Idoteidae,1,7,0,0,0,7,7,22
Isopoda,Janiridae,0,0,0,0,0,1,4,5
Isopoda,Joeropsididae,0,0,0,0,0,1,1,2
Isopoda,Ligiidae,1,2,0,0,0,0,2,5
Isopoda,Limnoriidae,0,0,0,0,0,0,5,5
Isopoda,Oniscidae,0,0,0,0,0,0,1,1
Isopoda,Paranthuridae,0,0,0,0,0,0,3,3
Isopoda,Philosciidae,0,0,0,0,0,0,1,1
Isopoda,Platyarthridae,0,0,0,0,0,1,1,2
Isopoda,Porcellionidae,1,1,0,0,1,2,7,12
Isopoda,Sphaeromatidae,0,2,0,0,1,8,13,24
Isopoda,Tecticipitidae,0,1,0,0,0,0,0,1
Isopoda,Trachelipodidae,0,0,0,0,0,0,1,1
Isopoda,Trichoniscidae,0,0,0,0,0,0,3,3
Ixodida,(family not recorded),0,0,0,0,0,1,0,1
Ixodida,Argasidae,0,0,0,0,0,1,5,6
Ixodida,Ixodidae,1,1,0,0,2,2,11,17
Julida,(family not recorded),0,0,0,0,0,0,1,1
Julida,Blaniulidae,0,0,0,0,0,0,1,1
Julida,Julidae,0,0,0,0,0,0,3,3
Julida,Parajulidae,0,0,0,0,0,0,3,3
Kentrogonida,Lernaeodiscidae,0,0,0,0,0,0,1,1
Kentrogonida,Peltogastridae,0,1,0,0,0,0,0,1
Kentrogonida,Sacculinidae,0,0,0,0,0,0,1,1
Lepidoptera,(family not recorded),16,0,0,0,0,9,75,100
Lepidoptera,Acanthopteroctetidae,0,0,0,0,0,0,2,2
Lepidoptera,Acrolophidae,0,0,0,0,0,0,1,1
Lepidoptera,Adelidae,0,0,0,0,0,3,10,13
Lepidoptera,Alucitidae,0,0,0,0,0,2,2,4
Lepidoptera,Arctiidae,0,0,0,0,0,1,0,1
Lepidoptera,Argyresthiidae,0,0,0,0,0,1,4,5
Lepidoptera,Autostichidae,0,0,0,0,0,1,7,8
Lepidoptera,Batrachedridae,0,0,0,0,0,0,5,5
Lepidoptera,Bedelliidae,1,0,0,0,0,0,1,2
Lepidoptera,Blastobasidae,3,0,0,0,0,5,18,26
Lepidoptera,Bucculatricidae,4,0,0,0,0,3,9,16
Lepidoptera,Carposinidae,0,0,0,0,0,0,2,2
Lepidoptera,Choreutidae,1,0,0,0,0,2,5,8
Lepidoptera,Coleophoridae,3,0,0,0,0,11,41,55
Lepidoptera,Copromorphidae,1,0,0,0,0,1,0,2
Lepidoptera,Cosmopterigidae,1,0,0,0,1,12,28,42
Lepidoptera,Cossidae,0,0,0,0,0,1,13,14
Lepidoptera,Crambidae,6,2,0,1,2,41,152,204
Lepidoptera,Depressariidae,0,0,0,0,1,1,9,11
Lepidoptera,Douglasiidae,0,0,0,0,0,1,1,2
Lepidoptera,Dryadaulidae,0,0,0,0,0,1,2,3
Lepidoptera,Elachistidae,2,0,0,0,0,1,3,6
Lepidoptera,Epipyropidae,0,0,0,0,0,0,1,1
Lepidoptera,Erebidae,5,5,2,1,11,36,134,194
Lepidoptera,Eriocraniidae,0,0,0,0,0,1,5,6
Lepidoptera,Ethmiidae,0,0,0,0,0,3,12,15
Lepidoptera,Euteliidae,0,0,0,0,0,0,6,6
Lepidoptera,Gelechiidae,20,1,0,0,1,27,215,264
Lepidoptera,Geometridae,12,5,0,2,15,76,372,482
Lepidoptera,Gracillariidae,7,1,0,0,1,2,44,55
Lepidoptera,Heliodinidae,0,1,0,0,0,1,7,9
Lepidoptera,Heliozelidae,1,0,0,0,0,1,4,6
Lepidoptera,Hepialidae,0,0,0,0,0,0,4,4
Lepidoptera,Hesperiidae,7,2,1,2,2,12,64,90
Lepidoptera,Incurvariidae,0,0,0,0,0,0,3,3
Lepidoptera,Lasiocampidae,0,1,0,0,0,8,11,20
Lepidoptera,Limacodidae,0,0,0,0,0,0,2,2
Lepidoptera,Lycaenidae,4,3,3,3,10,21,92,136
Lepidoptera,Lymantriidae,0,0,0,0,0,1,0,1
Lepidoptera,Lyonetiidae,0,0,0,0,0,0,3,3
Lepidoptera,Meessiidae,1,0,0,0,0,0,2,3
Lepidoptera,Momphidae,1,0,0,0,0,3,8,12
Lepidoptera,Nepticulidae,5,0,0,0,0,6,22,33
Lepidoptera,Noctuidae,23,3,1,2,9,119,643,800
Lepidoptera,Nolidae,0,0,0,0,0,2,5,7
Lepidoptera,Notodontidae,0,1,0,1,0,4,16,22
Lepidoptera,Nymphalidae,8,7,2,6,8,11,69,111
Lepidoptera,Oecophoridae,1,0,0,1,0,4,7,13
Lepidoptera,Opostegidae,1,0,0,0,0,1,0,2
Lepidoptera,Papilionidae,0,3,0,1,2,5,13,24
Lepidoptera,Pieridae,4,0,0,1,5,8,31,49
Lepidoptera,Plutellidae,1,0,0,0,1,0,7,9
Lepidoptera,Prodoxidae,0,0,0,0,1,1,15,17
Lepidoptera,Psychidae,0,0,0,0,0,0,1,1
Lepidoptera,Pterolonchidae,0,0,0,0,0,1,2,3
Lepidoptera,Pterophoridae,4,0,0,1,0,8,30,43
Lepidoptera,Pyralidae,0,0,0,0,1,22,129,152
Lepidoptera,Riodinidae,0,0,0,0,1,0,0,1
Lepidoptera,Saturniidae,0,0,0,0,2,1,21,24
Lepidoptera,Schreckensteiniidae,0,0,0,0,0,0,3,3
Lepidoptera,Scythrididae,3,0,0,0,0,0,37,40
Lepidoptera,Sesiidae,0,1,0,0,1,2,19,23
Lepidoptera,Sphingidae,0,1,0,2,3,12,20,38
Lepidoptera,Thyrididae,0,1,0,0,0,0,0,1
Lepidoptera,Tineidae,7,0,0,0,1,11,42,61
Lepidoptera,Tischeriidae,0,0,0,0,1,2,7,10
Lepidoptera,Tortricidae,12,0,0,1,1,39,141,194
Lepidoptera,Tridentaformidae,0,0,0,0,0,0,1,1
Lepidoptera,Yponomeutidae,0,0,0,0,0,1,1,2
Lepidoptera,Ypsolophidae,0,0,0,0,0,2,13,15
Lepidoptera,Zygaenidae,0,0,0,0,0,0,1,1
Leptostraca,Nebaliidae,0,0,0,0,0,0,1,1
Lithobiomorpha,(family not recorded),0,0,0,0,0,1,0,1
Lithobiomorpha,Lithobiidae,0,0,0,0,0,5,8,13
Lophogastrida,(family not recorded),0,0,0,0,0,0,1,1
Mantodea,(family not recorded),0,0,0,0,0,1,0,1
Mantodea,Amelidae,1,0,0,0,0,0,4,5
Mantodea,Eremiaphilidae,0,0,0,0,0,0,1,1
Mantodea,Mantidae,2,0,0,0,0,4,6,12
Mantodea,Miomantidae,0,0,0,0,0,0,1,1
Mantodea,Tarachodidae,0,0,0,0,0,0,1,1
Mecoptera,Boreidae,0,0,0,0,0,0,1,1
Megaloptera,(family not recorded),0,0,0,0,0,0,1,1
Megaloptera,Corydalidae,2,0,0,0,0,2,7,11
Megaloptera,Sialidae,1,0,0,0,0,0,2,3
Mesostigmata,(family not recorded),0,0,0,0,0,0,2,2
Mesostigmata,Ameroseiidae,0,0,0,0,0,0,1,1
Mesostigmata,Ascidae,0,0,0,0,0,0,3,3
Mesostigmata,Blattisociidae,0,0,0,0,0,0,2,2
Mesostigmata,Cercomegistidae,0,0,0,0,0,0,1,1
Mesostigmata,Dinychidae,0,0,0,0,0,0,1,1
Mesostigmata,Laelapidae,0,0,0,0,0,0,6,6
Mesostigmata,Macrochelidae,0,0,0,0,0,0,1,1
Mesostigmata,Melicharidae,0,0,0,0,0,0,1,1
Mesostigmata,Parasitidae,0,0,0,0,0,0,4,4
Mesostigmata,Phytoseiidae,0,0,0,0,0,0,8,8
Mesostigmata,Trematuridae,0,0,0,0,0,0,1,1
Mesostigmata,Uropodidae,0,0,0,0,0,0,1,1
Mesostigmata,Varroidae,0,0,0,0,0,0,1,1
Mesostigmata,Zerconidae,0,0,0,0,0,0,2,2
Mysida,(family not recorded),0,0,0,0,0,0,1,1
Mysida,Mysidae,0,0,0,0,0,0,7,7
Neuroptera,(family not recorded),1,0,0,0,0,0,0,1
Neuroptera,Ascalaphidae,0,0,0,0,0,0,2,2
Neuroptera,Berothidae,0,0,0,0,0,0,4,4
Neuroptera,Chrysopidae,2,0,0,1,0,4,28,35
Neuroptera,Coniopterygidae,5,0,0,0,0,2,11,18
Neuroptera,Hemerobiidae,3,0,0,0,0,3,21,27
Neuroptera,Ithonidae,0,0,0,0,1,0,1,2
Neuroptera,Mantispidae,0,0,0,0,0,3,6,9
Neuroptera,Myrmeleontidae,0,0,0,0,0,5,43,48
Notostraca,(family not recorded),0,0,0,0,0,0,1,1
Notostraca,Triopsidae,0,0,0,0,0,0,3,3
Odonata,(family not recorded),0,1,0,0,0,0,0,1
Odonata,Aeshnidae,2,1,0,0,0,6,5,14
Odonata,Calopterygidae,1,0,0,0,1,0,1,3
Odonata,Coenagrionidae,3,2,1,0,4,8,23,41
Odonata,Cordulegastridae,2,0,0,0,1,0,1,4
Odonata,Gomphidae,1,0,0,0,2,1,8,12
Odonata,Lestidae,1,0,0,0,3,1,5,10
Odonata,Libellulidae,4,2,0,0,6,11,27,50
Odonata,Macromiidae,0,0,0,0,0,0,1,1
Opiliones,(family not recorded),0,0,0,0,0,1,0,1
Opiliones,Globipedidae,0,0,0,0,0,0,4,4
Opiliones,Nemastomatidae,0,0,0,0,0,2,3,5
Opiliones,Phalangiidae,0,0,0,0,0,1,2,3
Opiliones,Phalangodidae,0,0,0,0,0,0,3,3
Opiliones,Protolophidae,0,0,0,0,0,1,3,4
Opiliones,Sclerosomatidae,0,0,0,0,0,1,4,5
Opiliones,Taracidae,0,0,0,0,0,0,2,2
Orthoptera,(family not recorded),1,0,0,0,0,0,0,1
Orthoptera,Acrididae,4,1,3,5,4,19,99,135
Orthoptera,Anostostomatidae,0,0,0,0,0,1,0,1
Orthoptera,Conocephalidae,0,0,0,0,0,0,1,1
Orthoptera,Eumastacidae,0,0,0,0,1,1,1,3
Orthoptera,Gryllacrididae,0,1,0,0,0,1,0,2
Orthoptera,Gryllidae,1,1,0,0,3,6,17,28
Orthoptera,Mogoplistidae,0,0,0,0,0,1,1,2
Orthoptera,Myrmecophilidae,0,0,0,0,1,0,3,4
Orthoptera,Oecanthidae,0,0,0,0,0,1,0,1
Orthoptera,Phaneropteridae,0,0,0,0,0,0,1,1
Orthoptera,Rhaphidophoridae,1,0,0,1,1,4,8,15
Orthoptera,Romaleidae,0,0,0,1,0,0,2,3
Orthoptera,Stenopelmatidae,1,0,1,1,1,1,2,7
Orthoptera,Tanaoceridae,0,0,0,0,0,0,2,2
Orthoptera,Tetrigidae,0,0,0,0,0,3,4,7
Orthoptera,Tettigoniidae,0,1,1,0,13,5,22,42
Orthoptera,Tridactylidae,0,1,0,0,0,1,1,3
Orthoptera,Trigonidiidae,0,0,0,0,0,0,3,3
Pantopoda,Ammotheidae,0,0,0,0,0,1,6,7
Pantopoda,Callipallenidae,0,0,0,0,0,0,1,1
Pantopoda,Nymphonidae,0,0,0,0,0,0,1,1
Pantopoda,Phoxichilidiidae,0,1,0,0,0,2,3,6
Pantopoda,Pycnogonidae,0,0,0,0,1,0,2,3
Pedunculata,Lepadidae,0,0,0,0,0,3,5,8
Pedunculata,Pollicipedidae,0,1,0,0,1,0,0,2
Pedunculata,Scalpellidae,0,0,0,0,0,0,1,1
Phasmida,(family not recorded),0,0,0,0,0,1,0,1
Phasmida,Diapheromeridae,0,0,0,0,0,0,2,2
Phasmida,Heteronemiidae,0,0,0,0,0,1,0,1
Phasmida,Lonchodidae,0,0,0,0,1,0,0,1
Phasmida,Phasmatidae,0,0,0,0,0,1,0,1
Phasmida,Timematidae,0,0,0,0,2,1,3,6
Platycopida,Cytherellidae,0,0,0,0,1,0,0,1
Platydesmida,Andrognathidae,0,0,0,0,1,0,0,1
Plecoptera,(family not recorded),1,0,0,0,0,1,11,13
Plecoptera,Capniidae,1,0,0,0,2,1,11,15
Plecoptera,Chloroperlidae,2,0,0,0,0,1,7,10
Plecoptera,Leuctridae,0,0,0,0,0,0,1,1
Plecoptera,Nemouridae,3,0,0,0,1,0,6,10
Plecoptera,Peltoperlidae,0,0,0,0,0,0,1,1
Plecoptera,Perlidae,1,0,0,0,0,1,1,3
Plecoptera,Perlodidae,3,0,0,0,1,0,5,9
Plecoptera,Pteronarcyidae,0,0,0,0,0,0,3,3
Plecoptera,Taeniopterygidae,0,0,0,0,0,0,3,3
Podocopida,(family not recorded),0,0,0,0,0,0,1,1
Podocopida,Candonidae,0,0,0,0,0,0,2,2
Podocopida,Cyprididae,0,0,0,0,0,0,6,6
Podocopida,Cytheridae,0,0,0,0,0,0,1,1
Podocopida,Cytherideidae,0,0,0,0,0,0,1,1
Podocopida,Cytheruridae,0,0,0,0,0,0,1,1
Podocopida,Hemicytheridae,0,0,0,0,1,1,5,7
Podocopida,Limnocytheridae,0,0,0,0,0,0,1,1
Podocopida,Loxoconchidae,0,0,0,0,0,0,1,1
Podocopida,Trachyleberididae,0,0,0,0,1,0,1,2
Podocopida,Xestoleberididae,0,0,0,0,0,0,1,1
Poduromorpha,(family not recorded),0,0,0,0,0,0,1,1
Poduromorpha,Brachystomellidae,0,0,0,0,0,0,2,2
Poduromorpha,Hypogastruridae,0,0,0,0,0,0,1,1
Poduromorpha,Neanuridae,0,0,0,0,0,1,1,2
Poduromorpha,Poduridae,0,0,0,0,0,0,2,2
Polydesmida,(family not recorded),0,0,0,0,0,0,1,1
Polydesmida,Macrosternodesmidae,0,0,0,0,0,0,1,1
Polydesmida,Nearctodesmidae,0,0,0,0,0,0,1,1
Polydesmida,Paradoxosomatidae,0,0,0,1,0,1,2,4
Polydesmida,Polydesmidae,0,0,0,0,0,0,1,1
Polydesmida,Xystodesmidae,0,0,0,0,0,0,1,1
Polyxenida,Polyxenidae,0,0,0,0,0,0,1,1
Polyzoniida,(family not recorded),0,0,0,0,0,1,0,1
Pseudoscorpiones,(family not recorded),0,0,0,0,0,1,1,2
Pseudoscorpiones,Cheliferidae,0,0,0,0,0,0,4,4
Pseudoscorpiones,Chernetidae,0,0,0,0,0,1,1,2
Pseudoscorpiones,Chthoniidae,0,0,0,0,0,0,3,3
Pseudoscorpiones,Garypidae,0,1,0,0,0,0,1,2
Pseudoscorpiones,Garypinidae,0,0,0,0,0,0,1,1
Pseudoscorpiones,Neobisiidae,0,0,0,0,0,2,2,4
Pseudoscorpiones,Pseudogarypidae,0,0,0,0,0,0,3,3
Psocodea,(family not recorded),0,0,0,0,0,3,2,5
Psocodea,Boopiidae,0,0,0,0,0,0,1,1
Psocodea,Caeciliusidae,1,0,0,0,0,1,5,7
Psocodea,Dasydemellidae,0,0,0,0,0,1,3,4
Psocodea,Ectopsocidae,3,0,0,0,0,4,4,11
Psocodea,Elipsocidae,0,0,0,0,0,3,4,7
Psocodea,Enderleinellidae,0,0,0,0,0,0,2,2
Psocodea,Haematopinidae,0,0,0,0,0,0,1,1
Psocodea,Hoplopleuridae,0,0,0,0,0,0,3,3
Psocodea,Lachesillidae,5,0,0,0,0,1,6,12
Psocodea,Lepidopsocidae,0,0,0,0,0,0,1,1
Psocodea,Linognathidae,0,0,0,0,0,0,1,1
Psocodea,Liposcelididae,0,0,0,0,0,0,2,2
Psocodea,Menoponidae,0,0,0,0,0,1,0,1
Psocodea,Mesopsocidae,0,0,0,0,0,0,1,1
Psocodea,Myopsocidae,0,0,0,0,0,0,1,1
Psocodea,Pediculidae,0,0,0,0,0,0,1,1
Psocodea,Peripsocidae,0,0,0,0,0,0,2,2
Psocodea,Philopteridae,0,0,0,0,0,0,2,2
Psocodea,Philotarsidae,0,0,0,0,0,2,0,2
Psocodea,Polyplacidae,0,0,0,0,0,1,7,8
Psocodea,Psocidae,1,0,0,0,0,4,8,13
Psocodea,Psoquillidae,0,0,0,0,0,0,1,1
Psocodea,Psyllipsocidae,0,0,0,0,0,1,0,1
Psocodea,Pthiridae,0,0,0,0,0,0,1,1
Psocodea,Stenopsocidae,1,0,0,0,0,1,1,3
Psocodea,Trichopsocidae,1,0,0,0,0,2,2,5
Psocodea,Trogiidae,2,0,0,0,0,5,6,13
Raphidioptera,(family not recorded),0,0,0,0,0,1,1,2
Raphidioptera,Inocelliidae,0,0,0,0,0,1,2,3
Raphidioptera,Raphidiidae,0,0,0,0,0,4,6,10
Redlichiida,Olenellidae,0,0,0,0,0,0,10,10
Sarcoptiformes,(family not recorded),0,0,0,0,0,0,2,2
Sarcoptiformes,Acaridae,0,0,0,0,0,0,2,2
Sarcoptiformes,Alloptidae,0,0,0,0,0,0,1,1
Sarcoptiformes,Avenzoariidae,0,0,0,0,0,0,2,2
Sarcoptiformes,Dendroeremaeidae,0,0,0,0,0,0,1,1
Sarcoptiformes,Epidermoptidae,0,0,0,0,0,0,1,1
Sarcoptiformes,Galumnidae,0,0,0,0,0,0,1,1
Sarcoptiformes,Gymnodamaeidae,0,0,0,0,0,0,1,1
Sarcoptiformes,Hemisarcoptidae,0,0,0,0,0,0,1,1
Sarcoptiformes,Hydrozetidae,0,0,0,0,0,0,1,1
Sarcoptiformes,Hypoderatidae,0,0,0,0,0,0,1,1
Sarcoptiformes,Oribatellidae,0,0,0,0,0,0,1,1
Sarcoptiformes,Oribatulidae,0,0,0,0,0,0,1,1
Sarcoptiformes,Pterolichidae,0,0,0,0,0,0,2,2
Sarcoptiformes,Sarcoptidae,0,0,0,0,0,0,1,1
Schizomida,Hubbardiidae,0,0,0,0,0,0,3,3
Scolopendromorpha,(family not recorded),0,0,0,0,0,0,1,1
Scolopendromorpha,Cryptopidae,0,0,0,0,0,0,3,3
Scolopendromorpha,Scolopendridae,0,0,0,0,0,1,0,1
Scolopendromorpha,Scolopocryptopidae,0,0,0,0,1,0,2,3
Scorpiones,(family not recorded),0,0,0,0,0,1,0,1
Scorpiones,Buthidae,0,0,0,0,0,0,1,1
Scorpiones,Chactidae,0,0,0,0,1,0,2,3
Scorpiones,Hadruridae,0,0,0,0,0,0,5,5
Scorpiones,Superstitioniidae,0,0,0,0,0,0,1,1
Scorpiones,Vaejovidae,0,0,1,0,1,2,17,21
Scutigeromorpha,Scutigeridae,0,0,0,0,0,1,0,1
Sessilia,(family not recorded),0,1,0,0,0,0,0,1
Sessilia,Archaeobalanidae,0,1,0,0,0,0,2,3
Sessilia,Balanidae,0,7,0,0,3,5,8,23
Sessilia,Chthamalidae,0,0,0,1,1,2,0,4
Sessilia,Coronulidae,0,0,0,0,1,0,2,3
Sessilia,Tetraclitidae,1,0,0,1,1,1,0,4
Siphonaptera,(family not recorded),0,0,0,0,0,1,1,2
Siphonaptera,Ceratophyllidae,0,0,0,0,2,0,5,7
Siphonaptera,Ctenophthalmidae,0,0,0,0,0,0,4,4
Siphonaptera,Hystrichopsyllidae,0,0,0,0,0,0,2,2
Siphonaptera,Ischnopsyllidae,0,0,0,0,0,0,1,1
Siphonaptera,Leptopsyllidae,0,0,0,0,0,0,3,3
Siphonaptera,Pulicidae,0,0,0,0,1,2,8,11
Siphonophorida,Siphonophoridae,1,0,0,0,0,0,0,1
Siphonostomatoida,Caligidae,0,0,0,0,0,0,5,5
Siphonostomatoida,Dichelesthiidae,0,0,0,0,0,0,1,1
Siphonostomatoida,Eudactylinidae,0,0,0,0,0,0,1,1
Siphonostomatoida,Pandaridae,0,0,0,0,0,0,1,1
Solifugae,(family not recorded),0,0,0,0,0,0,1,1
Solifugae,Ammotrechidae,0,0,0,0,0,0,7,7
Solifugae,Eremobatidae,0,0,0,0,0,1,37,38
Spirobolida,(family not recorded),0,0,0,0,0,1,0,1
Spirobolida,Atopetholidae,0,0,0,0,0,1,3,4
Spirobolida,Spirobolidae,0,0,0,0,0,1,2,3
Spirostreptida,(family not recorded),0,0,0,0,0,0,1,1
Spirostreptida,Cambalidae,0,0,0,0,1,1,2,4
Stomatopoda,(family not recorded),0,0,0,0,0,0,1,1
Stomatopoda,Parasquillidae,0,0,0,0,0,0,1,1
Strepsiptera,(family not recorded),1,0,0,0,0,0,0,1
Strepsiptera,Corioxenidae,0,0,0,0,0,0,1,1
Symphypleona,(family not recorded),1,0,0,0,0,0,0,1
Symphypleona,Bourletiellidae,0,0,0,0,0,1,5,6
Symphypleona,Dicyrtomidae,0,0,0,0,0,1,2,3
Symphypleona,Katiannidae,0,0,0,0,0,0,4,4
Symphypleona,Sminthuridae,0,0,0,0,0,0,1,1
Symphypleona,Sminthurididae,0,0,0,0,0,0,1,1
Tanaidacea,(family not recorded),0,0,0,0,0,1,0,1
Tanaidacea,Leptocheliidae,0,0,0,0,0,1,0,1
Tanaidacea,Metapseudidae,0,0,0,0,0,1,0,1
Tanaidacea,Tanaididae,0,0,0,0,0,1,5,6
Thysanoptera,(family not recorded),0,0,0,0,0,1,3,4
Thysanoptera,Aeolothripidae,3,0,0,0,0,3,17,23
Thysanoptera,Heterothripidae,0,0,0,0,0,0,2,2
Thysanoptera,Melanthripidae,0,0,0,0,0,0,4,4
Thysanoptera,Phlaeothripidae,1,0,0,0,1,4,18,24
Thysanoptera,Thripidae,5,0,0,0,0,1,27,33
Trichoptera,(family not recorded),0,0,0,0,0,1,0,1
Trichoptera,Brachycentridae,2,0,0,0,0,0,6,8
Trichoptera,Calamoceratidae,0,0,0,0,0,0,1,1
Trichoptera,Glossosomatidae,2,0,0,0,0,0,5,7
Trichoptera,Helicopsychidae,0,0,0,0,0,1,2,3
Trichoptera,Hydropsychidae,6,1,0,0,0,5,9,21
Trichoptera,Hydroptilidae,7,0,0,0,0,1,9,17
Trichoptera,Lepidostomatidae,3,0,0,0,0,1,6,10
Trichoptera,Leptoceridae,2,0,0,0,0,1,4,7
Trichoptera,Limnephilidae,0,0,0,0,0,0,10,10
Trichoptera,Odontoceridae,0,0,0,0,0,0,1,1
Trichoptera,Philopotamidae,2,0,0,0,0,1,4,7
Trichoptera,Polycentropodidae,0,0,0,0,0,1,2,3
Trichoptera,Psychomyiidae,5,0,0,0,0,0,0,5
Trichoptera,Rhyacophilidae,2,0,0,0,0,0,7,9
Trichoptera,Sericostomatidae,2,0,0,0,0,1,2,5
Trichoptera,Uenoidae,0,0,0,0,0,0,5,5
Trombidiformes,(family not recorded),0,0,0,0,0,0,2,2
Trombidiformes,Anystidae,0,0,0,0,0,0,5,5
Trombidiformes,Arrenuridae,0,0,0,0,0,0,1,1
Trombidiformes,Aturidae,0,0,0,0,0,0,2,2
Trombidiformes,Bdellidae,0,0,0,0,0,0,3,3
Trombidiformes,Caligonellidae,0,0,0,0,0,0,1,1
Trombidiformes,Camerobiidae,0,0,0,0,0,0,1,1
Trombidiformes,Cheyletidae,0,0,0,0,0,0,2,2
Trombidiformes,Cryptognathidae,0,0,0,0,0,0,1,1
Trombidiformes,Cunaxidae,0,0,0,0,0,0,1,1
Trombidiformes,Ereynetidae,0,0,0,0,0,0,1,1
Trombidiformes,Eriophyidae,0,1,0,1,1,3,14,20
Trombidiformes,Erythracaridae,0,0,0,0,0,0,2,2
Trombidiformes,Erythraeidae,0,0,0,0,0,0,3,3
Trombidiformes,Eupodidae,0,0,0,0,0,0,3,3
Trombidiformes,Halacaridae,0,0,0,0,0,0,1,1
Trombidiformes,Hydrachnidae,0,0,0,0,0,0,1,1
Trombidiformes,Hydryphantidae,0,0,0,0,0,0,2,2
Trombidiformes,Hygrobatidae,0,0,0,0,0,0,3,3
Trombidiformes,Lebertiidae,0,0,0,0,0,0,4,4
Trombidiformes,Limnesiidae,0,0,0,0,0,0,4,4
Trombidiformes,Microtrombidiidae,0,0,0,0,0,0,2,2
Trombidiformes,Mideopsidae,0,0,0,0,0,0,1,1
Trombidiformes,Oxidae,0,0,0,0,0,0,1,1
Trombidiformes,Penthaleidae,0,0,0,0,0,0,2,2
Trombidiformes,Pionidae,0,0,0,0,0,0,2,2
Trombidiformes,Pygmephoridae,0,0,0,0,0,0,1,1
Trombidiformes,Raphignathidae,0,0,0,0,0,0,1,1
Trombidiformes,Sperchontidae,0,0,0,0,0,0,4,4
Trombidiformes,Stigmaeidae,0,0,0,0,0,0,7,7
Trombidiformes,Tarsonemidae,0,0,0,0,0,0,3,3
Trombidiformes,Tenuipalpidae,0,0,0,0,0,0,8,8
Trombidiformes,Tetranychidae,0,0,0,0,0,2,28,30
Trombidiformes,Torrenticolidae,0,0,0,0,0,0,3,3
Trombidiformes,Trombiculidae,0,0,0,0,0,0,2,2
Trombidiformes,Trombidiidae,0,0,0,0,0,0,2,2
Trombidiformes,Tydeidae,0,0,0,0,0,1,1,2
Trombidiformes,Unionicolidae,0,0,0,0,0,0,2,2
Zygentoma,(family not recorded),0,0,0,0,0,1,0,1
Zygentoma,Lepismatidae,0,0,0,0,1,3,6,10
TOTAL,,1530,239,103,152,975,2866,14029,19894
